CustomerID,Segment,Customer_Persona,Churn_Probability,Predicted_CLV,Revenue_at_Risk,Risk_Score,Risk_Category,Customer_Action,Priority_Score,Recommendation_Priority,Recommendation
17450,Champions,Active Customers,0.0492282871755581,25890.41622989857,1274.5408452601769,0.8947166987657482,Critical Risk,Monitor,0.7624681718796982,Critical,"I strongly recommend elevating the retention strategy for Customer ID 17450, classified as a Champion with an Active Customer persona, to proactive engagement from the current monitor status. With a predicted Customer Lifetime Value (CLV) of $25,890.42 and a churn probability of 4.92%, this customer represents a critical risk category, putting $1,274.54 of revenue at risk. Given their high value and moderate churn risk, investing in personalized relationship-building efforts, such as regular business reviews, tailored success plans, and priority support, will not only mitigate churn risk but also unlock potential upsell and cross-sell opportunities. By proactively nurturing this key customer, we can ensure continued loyalty, identify and address any emerging needs or concerns, and ultimately protect and grow the revenue stream they represent, aligning with our overall revenue growth and customer retention objectives."
12415,Champions,Active Customers,0.061299310311489,22728.702397074318,1393.2537812157425,0.9780521576127116,Critical Risk,Monitor,0.7596416546904489,Critical,Maintain a structured nurture sequence and closely monitor purchasing behavior for future upsell and loyalty opportunities.
14646,Champions,Active Customers,0.0484628688101476,24336.187209320902,1179.401448064511,0.8279296611450803,Critical Risk,Monitor,0.7112500517581926,Critical,Maintain a structured nurture sequence and closely monitor purchasing behavior for future upsell and loyalty opportunities.
18102,Champions,Active Customers,0.0502040722162509,23071.894345922407,1158.303049908399,0.8131187673101101,Critical Risk,Monitor,0.6878420272066013,Critical,Maintain a structured nurture sequence and closely monitor purchasing behavior for future upsell and loyalty opportunities.
16684,Champions,VIP Customers,0.0988329796135424,14413.396247132898,1424.518897454794,1.0,Critical Risk,Monitor,0.6646143203355299,Critical,Maintain a structured nurture sequence and closely monitor purchasing behavior for future upsell and loyalty opportunities.
14156,Champions,Active Customers,0.0425430252492727,23774.6436531096,1011.4452652267026,0.7100258670024417,Critical Risk,Monitor,0.6494181402637226,Critical,Maintain a structured nurture sequence and closely monitor purchasing behavior for future upsell and loyalty opportunities.
14911,Champions,Active Customers,0.0309830664339692,22745.38977323177,704.7219224105636,0.494708721428476,Critical Risk,Monitor,0.5362994481897216,Critical,Maintain a structured nurture sequence and closely monitor purchasing behavior for future upsell and loyalty opportunities.
17511,Champions,Active Customers,0.039472927210057,18841.964252173377,743.7474834205357,0.5221043292225879,Critical Risk,Monitor,0.49755692440327676,Critical,Maintain a structured nurture sequence and closely monitor purchasing behavior for future upsell and loyalty opportunities.
12931,Champions,VIP Customers,0.1003736986060074,10139.915491263308,1017.7808214104488,0.7144733728902652,Critical Risk,Monitor,0.4786643649594318,Critical,Maintain a structured nurture sequence and closely monitor purchasing behavior for future upsell and loyalty opportunities.
14088,Champions,VIP Customers,0.1252159129631163,7730.156361331351,967.9385861317462,0.6794845528979463,Critical Risk,Monitor,0.4353114720433352,Critical,Maintain a structured nurture sequence and closely monitor purchasing behavior for future upsell and loyalty opportunities.
